id,title,authors,year,doi_or_id,venue,review_status,domain,equation,hypotheses,conclusion,method,constants,limitations,code_available,data_available,reproducible,clay_relation,open_questions,ns_mrl_class
Leray1934,Sur le mouvement d'un liquide visqueux emplissant l'espace,J. Leray,1934,10.1007/BF02547354,Acta Mathematica,accepted,R3,NS 3D,L2 data,global weak solutions,Galerkin,implicit,uniqueness open,no,no,partial,foundational A/B,smoothness,accepted
Hopf1951,Uber die Anfangswertaufgabe fur die hydrodynamischen Grundgleichungen,E. Hopf,1951,10.1002/mana.19510040106,Math. Nachr.,accepted,T3,NS,L2,weak solutions,Galerkin,implicit,regularity open,no,no,partial,foundational,regularity,accepted
Ladyzhenskaya1969,The Mathematical Theory of Viscous Incompressible Flow,O. A. Ladyzhenskaya,1969,book,Gordon and Breach,accepted,multi,NS,various,2D global; 3D partial,FA,various,3D open,no,no,n/a,context,3D,accepted
Temam1984,Navier-Stokes Equations Theory and Numerical Analysis,R. Temam,1984,book,North-Holland,accepted,T3,NS,periodic,existence approximations,Galerkin spectral,various,3D open,no,no,n/a,Route B,regularity,accepted
ConstantinFoias1988,Navier-Stokes Equations,P. Constantin; C. Foias,1988,book,Chicago,accepted,T3,NS,periodic,analytic geometric theory,Fourier,various,Clay open,no,no,n/a,Route B,blowup?,accepted
Fefferman2000,Existence and smoothness of the Navier-Stokes equation,C. L. Fefferman,2000,claymath.org,CMI official,official_statement,R3/T3,NS Millennium,smooth data,routes A-D,problem statement,n/a,open,n/a,n/a,n/a,defines A/B/C/D,all,accepted
Serrin1962,On the interior regularity of weak solutions of NS,J. Serrin,1962,10.1007/BF00253945,ARMA,accepted,R3,NS,Prodi-Serrin,conditional regularity,PDE estimates,scaling,conditional,no,no,partial,conditional,endpoints,accepted
Prodi1959,Un teorema di unicita per le equazioni di Navier-Stokes,G. Prodi,1959,annali,Ann. Mat. Pura Appl.,accepted,R3,NS,LpLq,uniqueness conditional,energy,scaling,conditional,no,no,partial,conditional,endpoints,accepted
BealeKatoMajda1984,Remarks on the breakdown of smooth solutions for 3D Euler,J. T. Beale; T. Kato; A. Majda,1984,10.1007/BF01212349,Comm. Math. Phys.,accepted,R3,Euler/NS,smooth,int||w||inf controls,vorticity,criterion,Euler primary,no,no,partial,continuation,num caution,accepted
CaffarelliKohnNirenberg1982,Partial regularity of suitable weak solutions of NS,L. Caffarelli; R. Kohn; L. Nirenberg,1982,10.1002/cpa.3160350604,CPAM,accepted,R3,NS,suitable weak,1D singular set,epsilon regularity,universal,partial,no,no,partial,partial regularity,full?,accepted
Scheffer1976,Turbulence and Hausdorff dimension,V. Scheffer,1976,10.1007/BF01609499,LNM,accepted,R3,NS,weak,dim bounds singular set,GMT,various,not full smooth,no,no,partial,partial,improve,accepted
Lin1998,A new proof of the Caffarelli-Kohn-Nirenberg theorem,F. Lin,1998,10.1002/(SICI)1097-0312,CPAM,accepted,R3,NS,suitable,CKN revisited,simplified,constants,partial,no,no,partial,CKN,none,accepted
EscauriazaSereginSverak2003,L3 infinity solutions of NS and backward uniqueness,L. Escauriaza; G. Seregin; V. Sverak,2003,10.1070/RM2003v058n02ABEH000609,RMS,accepted,R3,NS,Linf L3,endpoint Serrin,backward uniqueness,n/a,conditional,no,no,partial,conditional,ext,accepted
Kato1984,Strong L^p solutions of NS equations in R^n with applications,T. Kato,1984,various,various,accepted,R3,NS,small critical,mild solutions,Fujita-Kato,smallness,small data,no,no,partial,not large Clay,large,accepted
KochTataru2001,Well-posedness of NS in BMO^{-1},H. Koch; D. Tataru,2001,10.1007/s000230050033,Acta Math.,accepted,R3,NS,small BMO-1,global mild,Carleson,smallness,small data,no,no,partial,critical WP,large,accepted
Cannone1995,Ondelettes espaces de Besov et Navier-Stokes,M. Cannone,1995,thesis,books,accepted,R3,NS,Besov,mild solutions,wavelets,smallness,small,no,no,partial,critical,large,accepted
LemarieRieusset2002,Recent developments in the Navier-Stokes problem,P. G. Lemarie-Rieusset,2002,book,CRC,accepted,R3,NS,various,survey critical,HA,various,open large,no,no,n/a,survey,Clay,accepted
FoiasTemam1989,Gevrey class regularity for solutions of NS,C. Foias; R. Temam,1989,10.1016/0022-0396(89)90100-3,JDE,accepted,T3,NS,H1 short time,instant analyticity,Gevrey,explicit,short/conditional,no,no,partial,analyticity B,global?,accepted
ConstantinFefferman1993,Direction of vorticity and global regularity,P. Constantin; C. Fefferman,1993,10.1512/iumj.1993.42.42027,IUMJ,accepted,R3,NS/Euler,geometric,conditional regularity,vorticity direction,n/a,hypothesis,no,no,partial,geometric,prove align?,accepted
NecasRuzickaSverak1996,On Leray self-similar solutions of NS,J. Necas; M. Ruzicka; V. Sverak,1996,10.1007/BF00379552,Acta Math.,accepted,R3,NS,self-similar,no nontrivial under decay,Liouville,n/a,class limited,no,no,partial,blocks some C profiles,other sing,accepted
Tsai1998,On Leray self-similar solutions / related,T.-P. Tsai,1998,10.1007/s002050050106,ARMA,accepted,R3,NS,self-similar,nonexistence under integrability,PDE,n/a,restricted,no,no,partial,self-sim barriers,Type II?,accepted
JiaSverak2013,Local-in-space estimates near initial time for NS,H. Jia; V. Sverak,2013,10.1007/s00205-013-0689-6,ARMA,accepted,R3,NS,local,local regularity t~0,epsilon,n/a,local,no,no,partial,local theory,global,accepted
BuckmasterVicol2019,Nonuniqueness of weak solutions to NS,T. Buckmaster; V. Vicol,2019,10.4007/annals.2019.189.1.3,Annals,accepted,T3,NS,weak L2,nonuniqueness CI,convex integration,n/a,not smooth blowup,no,no,partial,NOT Route D,smooth uniq,accepted
Tao2016,Finite time blowup for an averaged 3D NS equation,T. Tao,2016,10.1090/jams/838,JAMS,accepted,model,averaged NS,model NL,blowup averaged model,dyadic,explicit,not full NS,yes,partial,partial,approach barriers,full NS?,accepted
Tao2014,Global regularity for logarithmically supercritical hyperdissipative NS,T. Tao,2014,arXiv,journal variants,accepted,R3,hyper NS,extra diss,global for log-supercrit,energy,explicit,not standard nu,no,no,partial,barrier insight,std nu,accepted
RobinsonRodrigoSadowski2016,The Three-Dimensional Navier-Stokes Equations,J. C. Robinson; J. L. Rodrigo; W. Sadowski,2016,book,CUP,accepted,T3/R3,NS,textbook,modern survey,analysis,various,Clay open,no,no,n/a,survey B,Clay,accepted
MajdaBertozzi2002,Vorticity and Incompressible Flow,A. Majda; A. Bertozzi,2002,book,CUP,accepted,R3,Euler/NS,vorticity,vortex dynamics,PDE,various,3D open,no,no,n/a,vorticity,stretching,accepted
DoeringGibbon1995,Applied Analysis of the Navier-Stokes Equations,C. Doering; J. Gibbon,1995,book,CUP,accepted,T3,NS,periodic,a priori length scales,energy,various,not Clay proof,no,no,n/a,diagnostics,lengths,accepted
Orszag1971,Numerical simulation of incompressible flows I Galerkin spectral,S. A. Orszag,1971,Studies Appl. Math.,Studies Appl. Math.,accepted,T3,NS,spectral,pseudospectral foundation,FFT,n/a,not proof,no,no,classic,Route B num,validation,accepted
PattersonOrszag1971,Spectral calculations of isotropic turbulence,G. Patterson; S. Orszag,1971,Phys. Fluids,Phys. Fluids,accepted,T3,NS,isotropic,spectral decay,pseudospectral,n/a,float,no,no,classic,N2,sing?,numerical
TaylorGreen1937,Mechanism of production of small eddies from large ones,G. Taylor; A. Green,1937,10.1098/rspa.1937.0035,Proc R Soc A,accepted,T3,NS/Euler,TG,canonical IC,analysis,n/a,not sing proof,no,no,classic,IC Route B,growth?,accepted
Brachet1983,Small-scale structure of the Taylor-Green vortex,M. E. Brachet et al.,1983,10.1017/S0022112083002839,JFM,accepted,T3,NS,TG,high-res spectral,pseudospectral,n/a,float,no,no,partial,N2-N3,blowup?,numerical
Kida1985,Three-dimensional periodic flows with high symmetry,S. Kida,1985,10.1143/JPSJ.54.2132,JPSJ,accepted,T3,NS/Euler,Kida-Pelz,high symmetry flows,spectral,n/a,subclass,no,no,partial,symmetric explor,generalize?,accepted
Dombre1986,Chaotic streamlines in the ABC flows,T. Dombre et al.,1986,10.1017/S0022112086001204,JFM,accepted,T3,Euler Beltrami,ABC,streamline chaos,dyn sys,n/a,steady Euler,no,no,classic,IC ABC,NS evol,accepted
LuoHou2014,Potentially singular solutions of 3D axisymmetric Euler,G. Luo; T. Y. Hou,2014,10.1073/pnas.1405238111,PNAS,accepted_with_debate,cylinder,Euler axisym,boundary,num singularity evidence,adaptive,n/a,Euler+bdry≠Clay,partial,partial,debated,NOT Clay domain,prove,controversial_numerical
Kerr1993,Evidence for a singularity of 3D incompressible Euler,R. M. Kerr,1993,10.1063/1.858639,Phys Fluids A,accepted_debate,periodic-like,Euler,vortices,num sing evidence,pseudospectral,n/a,Euler float contested,no,no,debated,N2 not proof,resolve,controversial_numerical
BuckmasterVicolNote,Weak nonuniqueness is not smooth blow-up (interpretive),NS-MRL auditor note on BV2019,2019,see BuckmasterVicol2019,note,auditor_note,T3,NS weak,weak,does not settle D,logic,n/a,interpretive,n/a,n/a,n/a,auditor,n/a,accepted
GomezSerrano2019,Computer-assisted proofs in PDE a survey,J. Gomez-Serrano,2019,arXiv:1901.03245,survey,preprint_survey,PDE CAP,various,CAP survey,literature,n/a,survey,n/a,n/a,n/a,method map,NS CAP,preprint
GameiroLessard2010s,Radii polynomials and rigorous continuation (representative),M. Gameiro; J.-P. Lessard et al.,2010-2020,various DOIs,FoCM etc,accepted,ODE/PDE,various,a posteriori CAP,radii poly NK,explicit radii,model-dep,yes,yes,yes,Program B3,NS app,accepted
NakaoWatanabeInterval,Numerical verification methods for PDEs,M. T. Nakao; Y. Watanabe et al.,2000-2019,books,Springer,accepted,various,various,verified existence,interval FEM,explicit,costly 3D NS,yes,sometimes,yes,P1 validation,scale 3D,accepted
FiguerasLessardFourier,Validated numerics Fourier PDE methods,J.-L. Figueras; J.-P. Lessard et al.,2010s,various,various,accepted,periodic PDE,various,Fourier-tail validated,radii+FFT int,explicit,NS3D costly,yes,yes,yes,Route B validated,tails,accepted
ArioliKochCAP,Computer-assisted proofs for dissipative PDE,G. Arioli; H. Koch,2010s,various,various,accepted,1D PDE,KS etc,validated dynamics,intervals,radii,lower dim,yes,yes,yes,P1 analogue,3D NS,accepted
Tucker2011,Validated numerics for ODEs,W. Tucker,2011,book,Princeton,accepted,ODE,ODE,CAP landmark,intervals,n/a,ODE not NS,yes,yes,yes,CAP culture,PDE scale,accepted
Isett2018,A proof of Onsager conjecture,P. Isett,2018,10.4007/annals.2018.188.3.4,Annals,accepted,T3,Euler,Holder,Onsager,CI,1/3,Euler not Clay NS,no,no,partial,CI tech,NS smooth,accepted
BourgainPavlovic2008,Ill-posedness of NS in B^{-1}_{infty infty},J. Bourgain; N. Pavlovic,2008,Inventiones related,Invent. Math.,accepted,R3,NS,critical Besov,norm inflation,HA,n/a,specific space,no,no,partial,critical limits,others,accepted
Seregin2014,Lecture notes on regularity theory for the NS equations,G. Seregin,2014,book,EMS,accepted,R3,NS,suitable,partial regularity modern,analysis,n/a,not full,no,no,n/a,CKN line,full?,accepted
LemarieRieusset2016,The Navier-Stokes Problem in the 21st Century,P. G. Lemarie-Rieusset,2016,book,CRC,accepted,R3,NS,modern,encyclopedic survey,analysis,n/a,Clay open,no,no,n/a,survey,Clay,accepted
Galdi2011,Introduction to Mathematical Theory of NS Equations,G. P. Galdi,2011,book,Springer,accepted,domains,NS,classical,steady/unsteady theory,FA,n/a,3D open,no,no,n/a,foundations,Clay,accepted
Sohr2001,The Navier-Stokes Equations Elementary FA Approach,H. Sohr,2001,book,Birkhauser,accepted,domains,NS,FA,weak strong,FA,n/a,3D open,no,no,n/a,foundations,regularity,accepted
Canuto1988,Spectral Methods in Fluid Dynamics,C. Canuto et al.,1988,book,Springer,accepted,T3,NS num,spectral,spectral theory,num analysis,n/a,numerics,no,no,n/a,solver design,aliasing,accepted
OrszagPatterson1972,Numerical simulation of 3D homogeneous isotropic turbulence,S. Orszag; G. Patterson,1972,10.1103/PhysRevLett.28.76,PRL,accepted,T3,NS,isotropic,spectral turbulence,pseudospectral,n/a,float,no,no,classic,num lineage,valid,numerical
Frisch1995,Turbulence The Legacy of A. N. Kolmogorov,U. Frisch,1995,book,CUP,accepted,phys,NS,cascades,K41 intermittency,physics,n/a,phenomenology,no,no,n/a,scale transfer,math,accepted
Pope2000,Turbulent Flows,S. B. Pope,2000,book,CUP,accepted,phys,NS,turbulence,spectra phenomenology,physics,n/a,not Clay,no,no,n/a,diagnostics,rigor,accepted
FoiasManleyRosaTemam2001,Navier-Stokes Equations and Turbulence,C. Foias et al.,2001,book,CUP,accepted,T3,NS,statistical,attractors,dyn sys,various,not Clay proof,no,no,n/a,diagnostics,attractors,accepted
Chemin1998,Perfect Incompressible Fluids,J.-Y. Chemin,1998,book,Oxford,accepted,R3,Euler/NS,critical,local theory,HA,n/a,Euler focus,no,no,n/a,spaces,NS global,accepted
ChaeSelfSimilar,Nonexistence results for self-similar singularities (representative),D. Chae et al.,2010s,various,various,accepted,R3,NS/Euler,ansatz,nonexistence under assumps,Liouville,n/a,class limited,no,no,partial,blocks ansatze,other mech,accepted
Ladyzhenskaya2D,Global unique smooth solutions 2D NS (classical),O. A. Ladyzhenskaya,1960s,classical,Doklady/books,accepted,T2,NS 2D,L2,global unique smooth 2D,enstrophy,2D only,dim≠3,no,no,classic,contrast 3D,why 3D,accepted
ClayRules,Rules for the Millennium Prizes,Clay Mathematics Institute,2000+,claymath.org,official,official_rules,n/a,n/a,prize rules,pub verification reqs,policy,n/a,n/a,n/a,n/a,n/a,pub policy,follow,accepted
ClaimedSolutionsWatchlist,Aggregate watchlist of claimed Clay solutions,multiple,2000-2026,various arXiv,preprints,preprint,claimed,claimed,claimed A/B/C/D,various,often flawed,unverified,rare,rare,usually no,auditor watch,refute,claimed_solutions
Pelz2001,Symmetry and the hydrodynamic blow-up problem,R. B. Pelz,2001,JFM related,JFM,accepted_or_review,T3,Euler/NS,symmetric,symmetry vs singularity,num/analysis,n/a,not Clay proof,no,no,partial,B programs,full NS,numerical
Waleffe1995,Exact coherent structures in shear / related ABC lineage,F. Waleffe,1995+,various,various,accepted,T3,NS,special,coherent structures,bifurcation,n/a,not Clay,sometimes,no,partial,IC reduced,generalize,accepted
HeywoodBoundary,Uniqueness questions for NS with boundaries (contrast),J. G. Heywood,1980s,various,various,accepted,bounded,NS,Dirichlet,boundary uniqueness issues,analysis,n/a,walls≠T3 B,no,no,partial,contrast B,periodic,accepted
VanNeervenStochastic,Stochastic NS wellposedness surveys (out of Clay scope),various,2010s,various,surveys,accepted,SNS,stochastic NS,noise,SPDE WP,SPDE,n/a,not deterministic Clay,no,no,n/a,out of scope,det Clay,accepted
GigaMiyakawa,Navier-Stokes in critical Morrey spaces (representative),Y. Giga; T. Miyakawa,1980s-90s,various,various,accepted,R3,NS,Morrey,mild local/global,semigroup,smallness,small,no,no,partial,mild theory,large,accepted
