name,n,integrator,seed,t_final,steps,energy0,energy_final,enstrophy_final,div_final,stopped,route,evidence
taylor_green,16,rk4,,0.020000000000000014,40,0.125,0.12425223521412954,0.37277211388052534,3.3299011795079675e-21,,B,N2
abc,16,rk4,,0.020000000000000014,40,1.5,1.4970029980010007,1.4970029980010007,9.723006075217158e-34,,B,N2
vortex_tubes,16,rk4,,0.020000000000000014,40,0.009840187845086196,0.009800561676169058,0.0197342740551282,1.5178416597283636e-18,,B,N2
random_div_free,16,rk4,0,0.020000000000000014,40,0.4999999999999878,0.48901702682672943,5.423715687376661,6.539509583932091e-17,,B,N2
random_div_free,16,rk4,1,0.020000000000000014,40,0.4999999999999913,0.4885187469092144,5.6655429573189675,9.712700670265677e-17,,B,N2
random_div_free,16,rk4,2,0.020000000000000014,40,0.4999999999999896,0.48877002318133544,5.54332645305143,7.859238668199273e-17,,B,N2
random_div_free,16,rk4,3,0.020000000000000014,40,0.499999999999991,0.4888992852798426,5.482291301280194,7.61720515575351e-17,,B,N2
random_div_free,16,rk4,4,0.020000000000000014,40,0.4999999999999895,0.4888427554317803,5.510843375622018,7.64805264621194e-17,,B,N2
taylor_green,16,etd_rk2,,0.020000000000000014,40,0.125,0.12425223521573417,0.3727721138860972,2.8754766119981202e-21,,B,N2
abc,16,etd_rk2,,0.020000000000000014,40,1.5,1.497002998001002,1.497002998001002,1.1025419167741703e-33,,B,N2
vortex_tubes,16,etd_rk2,,0.020000000000000014,40,0.009840187845086196,0.00980056167616904,0.019734274055140347,2.1441874622094166e-18,,B,N2
random_div_free,16,etd_rk2,0,0.020000000000000014,40,0.4999999999999878,0.4890170271188562,5.423715694149007,8.34776279277891e-17,,B,N2
random_div_free,16,etd_rk2,1,0.020000000000000014,40,0.4999999999999913,0.4885187472121606,5.665542962986949,8.839009208832033e-17,,B,N2
random_div_free,16,etd_rk2,2,0.020000000000000014,40,0.4999999999999896,0.48877002348024695,5.543326460147382,8.425729026629921e-17,,B,N2
random_div_free,16,etd_rk2,3,0.020000000000000014,40,0.499999999999991,0.4888992855813278,5.482291308890299,7.37203117145142e-17,,B,N2
random_div_free,16,etd_rk2,4,0.020000000000000014,40,0.4999999999999895,0.48884275576262914,5.510843383263763,7.133795371388107e-17,,B,N2
taylor_green,16,semi_implicit,,0.020000000000000014,40,0.125,0.12425234021335184,0.37277242812537636,2.0124038069131175e-21,,B,N2
abc,16,semi_implicit,,0.020000000000000014,40,1.5,1.4970030354254606,1.4970030354254606,1.2294813767063897e-33,,B,N2
vortex_tubes,16,semi_implicit,,0.020000000000000014,40,0.009840187845086196,0.009800563675635383,0.01973428990839485,2.2991519108697856e-18,,B,N2
random_div_free,16,semi_implicit,0,0.020000000000000014,40,0.4999999999999878,0.4890273040426539,5.42385110478044,8.448683920000012e-17,,B,N2
random_div_free,16,semi_implicit,1,0.020000000000000014,40,0.4999999999999913,0.48852979208967146,5.665695892376865,8.803055688914299e-17,,B,N2
random_div_free,16,semi_implicit,2,0.020000000000000014,40,0.4999999999999896,0.48878076232872425,5.543472348551107,8.490034378835037e-17,,B,N2
random_div_free,16,semi_implicit,3,0.020000000000000014,40,0.499999999999991,0.4889097743216615,5.482428858829818,8.448119231559054e-17,,B,N2
random_div_free,16,semi_implicit,4,0.020000000000000014,40,0.4999999999999895,0.48885355648323886,5.5109826114223,8.328298928690288e-17,,B,N2
taylor_green,24,rk4,,0.020000000000000014,40,0.125,0.12425223521412956,0.37277211388052545,6.6573774341559875e-21,,B,N2
abc,24,rk4,,0.020000000000000014,40,1.4999999999999998,1.4970029980010005,1.4970029980010005,1.1628912448967313e-33,,B,N2
vortex_tubes,24,rk4,,0.020000000000000014,40,0.009840187684222372,0.009800561524296482,0.019734268010249818,1.9550493977550714e-18,,B,N2
random_div_free,24,rk4,0,0.020000000000000014,40,0.4999999999999997,0.48856045868917614,5.6476410889365045,6.989332422535727e-17,,B,N2
random_div_free,24,rk4,1,0.020000000000000014,40,0.5,0.48862220530633804,5.6147353747942415,7.020273970856764e-17,,B,N2
random_div_free,24,rk4,2,0.020000000000000014,40,0.4999999999999999,0.48902560156923996,5.4186015989973875,5.811353846540762e-17,,B,N2
random_div_free,24,rk4,3,0.020000000000000014,40,0.5,0.48832966308493053,5.758396014533874,8.036373769862422e-17,,B,N2
random_div_free,24,rk4,4,0.020000000000000014,40,0.49999999999999983,0.4887742827521556,5.544302712853462,7.608917222535138e-17,,B,N2
taylor_green,24,etd_rk2,,0.020000000000000014,40,0.125,0.1242522352157342,0.3727721138860972,7.185882438697117e-21,,B,N2
abc,24,etd_rk2,,0.020000000000000014,40,1.4999999999999998,1.4970029980010016,1.4970029980010016,1.579797356691035e-33,,B,N2
vortex_tubes,24,etd_rk2,,0.020000000000000014,40,0.009840187684222372,0.009800561524296472,0.0197342680102624,1.9491186246520094e-18,,B,N2
random_div_free,24,etd_rk2,0,0.020000000000000014,40,0.4999999999999997,0.48856045913951185,5.647641101052856,7.543037983554956e-17,,B,N2
random_div_free,24,etd_rk2,1,0.020000000000000014,40,0.5,0.4886222057327652,5.614735385584475,7.778593042263774e-17,,B,N2
random_div_free,24,etd_rk2,2,0.020000000000000014,40,0.4999999999999999,0.489025601986772,5.4186016113211775,7.670079088596759e-17,,B,N2
random_div_free,24,etd_rk2,3,0.020000000000000014,40,0.5,0.48832966353217633,5.758396027168361,8.481563511312687e-17,,B,N2
random_div_free,24,etd_rk2,4,0.020000000000000014,40,0.49999999999999983,0.48877428316633625,5.544302726985661,8.754492999315814e-17,,B,N2
taylor_green,24,semi_implicit,,0.020000000000000014,40,0.125,0.12425234021335185,0.3727724281253765,6.512062264961762e-21,,B,N2
abc,24,semi_implicit,,0.020000000000000014,40,1.4999999999999998,1.4970030354254604,1.4970030354254604,1.4226453211223709e-33,,B,N2
vortex_tubes,24,semi_implicit,,0.020000000000000014,40,0.009840187684222372,0.009800563523877806,0.019734283867941006,2.9021485909912678e-18,,B,N2
random_div_free,24,semi_implicit,0,0.020000000000000014,40,0.4999999999999997,0.48857286932340693,5.647809970676462,7.839002984723293e-17,,B,N2
random_div_free,24,semi_implicit,1,0.020000000000000014,40,0.5,0.48863405861937137,5.614899886424986,7.656571068547255e-17,,B,N2
random_div_free,24,semi_implicit,2,0.020000000000000014,40,0.4999999999999999,0.48903715847612045,5.418758684758275,7.2963814033088e-17,,B,N2
random_div_free,24,semi_implicit,3,0.020000000000000014,40,0.5,0.4883413226672335,5.7585607745687195,7.53273485706949e-17,,B,N2
random_div_free,24,semi_implicit,4,0.020000000000000014,40,0.49999999999999983,0.4887860685452616,5.5444646403408795,8.1782440142232e-17,,B,N2
taylor_green,32,rk4,,0.020000000000000014,40,0.125,0.12425223521412954,0.37277211388052534,3.2268309873024504e-21,,B,N2
abc,32,rk4,,0.020000000000000014,40,1.5,1.4970029980010007,1.4970029980010007,1.8251959255032807e-33,,B,N2
vortex_tubes,32,rk4,,0.020000000000000014,40,0.009840187682060686,0.009800561522134432,0.019734268003453025,2.453873099592629e-18,,B,N2
random_div_free,32,rk4,0,0.020000000000000014,40,0.5000000000000001,0.4887770382127576,5.5377213540157975,8.65647556825134e-17,,B,N2
random_div_free,32,rk4,1,0.020000000000000014,40,0.5000000000000001,0.4885147810948951,5.666992974793247,7.245984108085846e-17,,B,N2
random_div_free,32,rk4,2,0.020000000000000014,40,0.5000000000000002,0.4886207157627048,5.6186325646768775,7.117928496898354e-17,,B,N2
random_div_free,32,rk4,3,0.020000000000000014,40,0.5,0.48847405922661374,5.687362299713783,8.090788088434453e-17,,B,N2
random_div_free,32,rk4,4,0.020000000000000014,40,0.5000000000000002,0.48878061627876146,5.541433164214247,7.819789179423646e-17,,B,N2
taylor_green,32,etd_rk2,,0.020000000000000014,40,0.125,0.12425223521573417,0.3727721138860972,2.7460243369992955e-21,,B,N2
abc,32,etd_rk2,,0.020000000000000014,40,1.5,1.497002998001002,1.497002998001002,1.3000950957486115e-33,,B,N2
vortex_tubes,32,etd_rk2,,0.020000000000000014,40,0.009840187682060686,0.009800561522134408,0.01973426800346561,2.1273642163904995e-18,,B,N2
random_div_free,32,etd_rk2,0,0.020000000000000014,40,0.5000000000000001,0.4887770386412587,5.537721365836918,8.043945020303933e-17,,B,N2
random_div_free,32,etd_rk2,1,0.020000000000000014,40,0.5000000000000001,0.48851478153001104,5.66699298588588,7.617222336443082e-17,,B,N2
random_div_free,32,etd_rk2,2,0.020000000000000014,40,0.5000000000000002,0.48862071620704406,5.618632575834253,7.145062544030157e-17,,B,N2
random_div_free,32,etd_rk2,3,0.020000000000000014,40,0.5,0.4884740596569821,5.687362312581871,8.024758555089372e-17,,B,N2
random_div_free,32,etd_rk2,4,0.020000000000000014,40,0.5000000000000002,0.48878061670983863,5.541433179971866,8.59635959666891e-17,,B,N2
taylor_green,32,semi_implicit,,0.020000000000000014,40,0.125,0.12425234021335184,0.37277242812537636,2.998160613018552e-21,,B,N2
abc,32,semi_implicit,,0.020000000000000014,40,1.5,1.4970030354254606,1.4970030354254606,1.3627739369537792e-33,,B,N2
vortex_tubes,32,semi_implicit,,0.020000000000000014,40,0.009840187682060686,0.009800563521716123,0.01973428386116906,3.0217579117057683e-18,,B,N2
random_div_free,32,semi_implicit,0,0.020000000000000014,40,0.5000000000000001,0.48878892226239745,5.537883896802871,8.972581084464039e-17,,B,N2
random_div_free,32,semi_implicit,1,0.020000000000000014,40,0.5000000000000001,0.4885268317130733,5.667161810976211,9.372135572192005e-17,,B,N2
random_div_free,32,semi_implicit,2,0.020000000000000014,40,0.5000000000000002,0.48863296979891635,5.618795606013299,6.860316496974488e-17,,B,N2
random_div_free,32,semi_implicit,3,0.020000000000000014,40,0.5,0.4884858935563281,5.687529206195562,8.136872931898736e-17,,B,N2
random_div_free,32,semi_implicit,4,0.020000000000000014,40,0.5000000000000002,0.4887923989136701,5.5415969012577895,7.358670806149005e-17,,B,N2
